{"0.11862740152215845":{"user_id":2},"0.6818550432990436":{"user_id":2},"0.6644112543526108":{"user_id":1},"0.355484733000651":{"user_id":1}}